{
    "accuracy": 0.6428571428571429,
    "creation_data": "2022-08-14 13:53:56.439833",
    "epochs": 1000,
    "fscore": 0.5238095238095238,
    "fscore_per_class": [
        0.761904761904762,
        0.28571428571428575
    ],
    "loss_tol": 0.01,
    "max_depth": 2,
    "model_name": "ADA_MODEL_6",
    "overlap": 94,
    "prec_per_class": [
        0.8,
        0.25
    ],
    "predictions": [
        0,
        0,
        0,
        1,
        0,
        0,
        1,
        0,
        1,
        1,
        0,
        0,
        0,
        0
    ],
    "random_state": 0,
    "recall_per_class": [
        0.7272727272727273,
        0.3333333333333333
    ],
    "recall_score": 0.5303030303030303,
    "true_values": [
        0,
        0,
        0,
        0,
        1,
        0,
        1,
        1,
        0,
        0,
        0,
        0,
        0,
        0
    ],
    "window_length": 128
}