{
    "accuracy": 0.8181818181818182,
    "creation_data": "2022-08-14 13:53:58.688447",
    "epochs": 1000,
    "fscore": 0.7708333333333333,
    "fscore_per_class": [
        0.875,
        0.6666666666666666
    ],
    "loss_tol": 0.01,
    "max_depth": 2,
    "model_name": "ADA_MODEL_7",
    "overlap": 94,
    "prec_per_class": [
        0.875,
        0.6666666666666666
    ],
    "predictions": [
        0,
        0,
        0,
        0,
        1,
        0,
        1,
        0,
        0,
        1,
        0
    ],
    "random_state": 0,
    "recall_per_class": [
        0.875,
        0.6666666666666666
    ],
    "recall_score": 0.7708333333333333,
    "true_values": [
        0,
        0,
        0,
        0,
        1,
        0,
        1,
        1,
        0,
        0,
        0
    ],
    "window_length": 128
}