{
    "accuracy": 0.9166666666666666,
    "creation_data": "2022-08-14 13:54:03.231530",
    "epochs": 1000,
    "fscore": 0.8991596638655461,
    "fscore_per_class": [
        0.9411764705882353,
        0.8571428571428571
    ],
    "loss_tol": 0.01,
    "max_depth": 2,
    "model_name": "ADA_MODEL_9",
    "overlap": 94,
    "prec_per_class": [
        1.0,
        0.75
    ],
    "predictions": [
        0,
        0,
        0,
        0,
        1,
        0,
        1,
        1,
        0,
        0,
        1,
        0
    ],
    "random_state": 0,
    "recall_per_class": [
        0.8888888888888888,
        1.0
    ],
    "recall_score": 0.9444444444444444,
    "true_values": [
        0,
        0,
        0,
        0,
        1,
        0,
        1,
        1,
        0,
        0,
        0,
        0
    ],
    "window_length": 128
}