{
    "accuracy": 0.6666666666666666,
    "creation_data": "2022-08-14 13:53:47.302875",
    "epochs": 1000,
    "fscore": 0.5555555555555556,
    "fscore_per_class": [
        0.7777777777777778,
        0.3333333333333333
    ],
    "loss_tol": 0.01,
    "max_depth": 2,
    "model_name": "ADA_MODEL_2",
    "overlap": 94,
    "prec_per_class": [
        0.7777777777777778,
        0.3333333333333333
    ],
    "predictions": [
        0,
        0,
        1,
        1,
        1,
        0,
        0,
        0,
        0,
        0,
        0,
        0
    ],
    "random_state": 0,
    "recall_per_class": [
        0.7777777777777778,
        0.3333333333333333
    ],
    "recall_score": 0.5555555555555556,
    "true_values": [
        0,
        0,
        0,
        0,
        1,
        0,
        1,
        1,
        0,
        0,
        0,
        0
    ],
    "window_length": 128
}