{
    "accuracy": 0.45454545454545453,
    "creation_data": "2022-08-14 13:53:43.870914",
    "epochs": 1000,
    "fscore": 0.45,
    "fscore_per_class": [
        0.5,
        0.4
    ],
    "loss_tol": 0.01,
    "max_depth": 2,
    "model_name": "BOOSTING_MODEL_0",
    "overlap": 94,
    "prec_per_class": [
        0.75,
        0.2857142857142857
    ],
    "predictions": [
        0,
        0,
        1,
        1,
        1,
        1,
        1,
        0,
        1,
        1,
        0
    ],
    "random_state": 0,
    "recall_per_class": [
        0.375,
        0.6666666666666666
    ],
    "recall_score": 0.5208333333333333,
    "true_values": [
        0,
        0,
        0,
        0,
        1,
        0,
        1,
        1,
        0,
        0,
        0
    ],
    "window_length": 128
}