{
    "accuracy": 0.6666666666666666,
    "creation_data": "2022-08-14 13:54:04.394935",
    "epochs": 1000,
    "fscore": 0.625,
    "fscore_per_class": [
        0.75,
        0.5
    ],
    "loss_tol": 0.01,
    "max_depth": 2,
    "model_name": "BOOSTING_MODEL_9",
    "overlap": 94,
    "prec_per_class": [
        0.8571428571428571,
        0.4
    ],
    "predictions": [
        1,
        0,
        0,
        0,
        1,
        0,
        1,
        0,
        1,
        0,
        1,
        0
    ],
    "random_state": 0,
    "recall_per_class": [
        0.6666666666666666,
        0.6666666666666666
    ],
    "recall_score": 0.6666666666666666,
    "true_values": [
        0,
        0,
        0,
        0,
        1,
        0,
        1,
        1,
        0,
        0,
        0,
        0
    ],
    "window_length": 128
}