{
    "accuracy": 0.6428571428571429,
    "creation_data": "2022-08-14 13:53:57.555982",
    "epochs": 1000,
    "fscore": 0.3913043478260869,
    "fscore_per_class": [
        0.7826086956521738,
        0.0
    ],
    "loss_tol": 0.01,
    "max_depth": 2,
    "model_name": "BOOSTING_MODEL_6",
    "overlap": 94,
    "prec_per_class": [
        0.75,
        0.0
    ],
    "predictions": [
        0,
        0,
        0,
        0,
        0,
        1,
        0,
        0,
        1,
        0,
        0,
        0,
        0,
        0
    ],
    "random_state": 0,
    "recall_per_class": [
        0.8181818181818182,
        0.0
    ],
    "recall_score": 0.4090909090909091,
    "true_values": [
        0,
        0,
        0,
        0,
        1,
        0,
        1,
        1,
        0,
        0,
        0,
        0,
        0,
        0
    ],
    "window_length": 128
}