{
    "accuracy": 0.7272727272727273,
    "creation_data": "2022-08-14 13:53:52.989043",
    "epochs": 1000,
    "fscore": 0.611764705882353,
    "fscore_per_class": [
        0.823529411764706,
        0.4
    ],
    "loss_tol": 0.01,
    "max_depth": 2,
    "model_name": "BOOSTING_MODEL_4",
    "overlap": 94,
    "prec_per_class": [
        0.7777777777777778,
        0.5
    ],
    "predictions": [
        0,
        0,
        0,
        1,
        0,
        0,
        1,
        0,
        0,
        0,
        0
    ],
    "random_state": 0,
    "recall_per_class": [
        0.875,
        0.3333333333333333
    ],
    "recall_score": 0.6041666666666666,
    "true_values": [
        0,
        0,
        0,
        0,
        1,
        0,
        1,
        1,
        0,
        0,
        0
    ],
    "window_length": 128
}