{
    "accuracy": 0.5454545454545454,
    "creation_data": "2022-08-14 13:53:55.269407",
    "epochs": 1000,
    "fscore": 0.35294117647058826,
    "fscore_per_class": [
        0.7058823529411765,
        0.0
    ],
    "loss_tol": 0.01,
    "max_depth": 2,
    "model_name": "BOOSTING_MODEL_5",
    "overlap": 94,
    "prec_per_class": [
        0.6666666666666666,
        0.0
    ],
    "predictions": [
        0,
        0,
        0,
        1,
        0,
        1,
        0,
        0,
        0,
        0,
        0
    ],
    "random_state": 0,
    "recall_per_class": [
        0.75,
        0.0
    ],
    "recall_score": 0.375,
    "true_values": [
        0,
        0,
        0,
        0,
        1,
        0,
        1,
        1,
        0,
        0,
        0
    ],
    "window_length": 128
}