{
    "accuracy": 0.5454545454545454,
    "creation_data": "2022-08-14 13:53:51.555689",
    "epochs": 1000,
    "fscore": 0.47619047619047616,
    "fscore_per_class": [
        0.6666666666666666,
        0.28571428571428575
    ],
    "loss_tol": 0.01,
    "max_depth": 2,
    "model_name": "LINEAR_SVC_MODEL_4",
    "overlap": 94,
    "prec_per_class": [
        0.7142857142857143,
        0.25
    ],
    "predictions": [
        0,
        0,
        0,
        1,
        0,
        1,
        1,
        0,
        1,
        0,
        0
    ],
    "random_state": 0,
    "recall_per_class": [
        0.625,
        0.3333333333333333
    ],
    "recall_score": 0.47916666666666663,
    "true_values": [
        0,
        0,
        0,
        0,
        1,
        0,
        1,
        1,
        0,
        0,
        0
    ],
    "window_length": 128
}