{
    "accuracy": 0.75,
    "creation_data": "2022-08-14 13:53:49.270590",
    "epochs": 1000,
    "fscore": 0.6974789915966387,
    "fscore_per_class": [
        0.823529411764706,
        0.5714285714285715
    ],
    "loss_tol": 0.01,
    "max_depth": 2,
    "model_name": "LINEAR_SVC_MODEL_3",
    "overlap": 94,
    "prec_per_class": [
        0.875,
        0.5
    ],
    "predictions": [
        0,
        0,
        0,
        1,
        0,
        0,
        1,
        1,
        1,
        0,
        0,
        0
    ],
    "random_state": 0,
    "recall_per_class": [
        0.7777777777777778,
        0.6666666666666666
    ],
    "recall_score": 0.7222222222222222,
    "true_values": [
        0,
        0,
        0,
        0,
        1,
        0,
        1,
        1,
        0,
        0,
        0,
        0
    ],
    "window_length": 128
}