{
    "accuracy": 0.7142857142857143,
    "creation_data": "2022-08-14 13:53:56.132020",
    "epochs": 1000,
    "fscore": 0.5757575757575758,
    "fscore_per_class": [
        0.8181818181818182,
        0.3333333333333333
    ],
    "loss_tol": 0.01,
    "max_depth": 2,
    "model_name": "LINEAR_SVC_MODEL_6",
    "overlap": 94,
    "prec_per_class": [
        0.8181818181818182,
        0.3333333333333333
    ],
    "predictions": [
        0,
        0,
        0,
        1,
        0,
        1,
        0,
        1,
        0,
        0,
        0,
        0,
        0,
        0
    ],
    "random_state": 0,
    "recall_per_class": [
        0.8181818181818182,
        0.3333333333333333
    ],
    "recall_score": 0.5757575757575758,
    "true_values": [
        0,
        0,
        0,
        0,
        1,
        0,
        1,
        1,
        0,
        0,
        0,
        0,
        0,
        0
    ],
    "window_length": 128
}