{
    "accuracy": 0.8181818181818182,
    "creation_data": "2022-08-14 14:26:41.870912",
    "epochs": 100,
    "fscore": 0.6944444444444444,
    "fscore_per_class": [
        0.888888888888889,
        0.5
    ],
    "model_name": "LSTM_MODEL_8",
    "overlap": 94,
    "prec_per_class": [
        0.8,
        1.0
    ],
    "predictions": [
        0,
        0,
        0,
        0,
        1,
        0,
        0,
        0,
        0,
        0,
        0
    ],
    "recall_per_class": [
        1.0,
        0.3333333333333333
    ],
    "recall_score": 0.6666666666666666,
    "true_values": [
        0,
        0,
        0,
        0,
        1,
        0,
        1,
        1,
        0,
        0,
        0
    ],
    "window_length": 128
}