{
    "accuracy": 0.75,
    "creation_data": "2022-08-14 14:28:43.951340",
    "epochs": 100,
    "fscore": 0.42857142857142855,
    "fscore_per_class": [
        0.8571428571428571,
        0.0
    ],
    "model_name": "LSTM_MODEL_9",
    "overlap": 94,
    "prec_per_class": [
        0.75,
        0.0
    ],
    "predictions": [
        0,
        0,
        0,
        0,
        0,
        0,
        0,
        0,
        0,
        0,
        0,
        0
    ],
    "recall_per_class": [
        1.0,
        0.0
    ],
    "recall_score": 0.5,
    "true_values": [
        0,
        0,
        0,
        0,
        1,
        0,
        1,
        1,
        0,
        0,
        0,
        0
    ],
    "window_length": 128
}