{
    "accuracy": 0.6363636363636364,
    "creation_data": "2022-08-14 14:00:34.065146",
    "epochs": 100,
    "fscore": 0.5416666666666666,
    "fscore_per_class": [
        0.75,
        0.3333333333333333
    ],
    "model_name": "LSTM_MODEL_0",
    "overlap": 94,
    "prec_per_class": [
        0.75,
        0.3333333333333333
    ],
    "predictions": [
        0,
        0,
        0,
        0,
        0,
        1,
        1,
        0,
        1,
        0,
        0
    ],
    "recall_per_class": [
        0.75,
        0.3333333333333333
    ],
    "recall_score": 0.5416666666666666,
    "true_values": [
        0,
        0,
        0,
        0,
        1,
        0,
        1,
        1,
        0,
        0,
        0
    ],
    "window_length": 128
}