{
    "accuracy": 0.6363636363636364,
    "creation_data": "2022-08-14 14:19:41.677959",
    "epochs": 100,
    "fscore": 0.38888888888888884,
    "fscore_per_class": [
        0.7777777777777777,
        0.0
    ],
    "model_name": "LSTM_MODEL_5",
    "overlap": 94,
    "prec_per_class": [
        0.7,
        0.0
    ],
    "predictions": [
        0,
        0,
        0,
        1,
        0,
        0,
        0,
        0,
        0,
        0,
        0
    ],
    "recall_per_class": [
        0.875,
        0.0
    ],
    "recall_score": 0.4375,
    "true_values": [
        0,
        0,
        0,
        0,
        1,
        0,
        1,
        1,
        0,
        0,
        0
    ],
    "window_length": 128
}