{
    "accuracy": 0.7272727272727273,
    "creation_data": "2022-08-14 14:17:57.286557",
    "epochs": 100,
    "fscore": 0.4210526315789474,
    "fscore_per_class": [
        0.8421052631578948,
        0.0
    ],
    "model_name": "LSTM_MODEL_4",
    "overlap": 94,
    "prec_per_class": [
        0.7272727272727273,
        0.0
    ],
    "predictions": [
        0,
        0,
        0,
        0,
        0,
        0,
        0,
        0,
        0,
        0,
        0
    ],
    "recall_per_class": [
        1.0,
        0.0
    ],
    "recall_score": 0.5,
    "true_values": [
        0,
        0,
        0,
        0,
        1,
        0,
        1,
        1,
        0,
        0,
        0
    ],
    "window_length": 128
}