{
    "accuracy": 0.7857142857142857,
    "creation_data": "2022-08-14 14:21:32.314791",
    "epochs": 100,
    "fscore": 0.6347826086956522,
    "fscore_per_class": [
        0.8695652173913043,
        0.4
    ],
    "model_name": "LSTM_MODEL_6",
    "overlap": 94,
    "prec_per_class": [
        0.8333333333333334,
        0.5
    ],
    "predictions": [
        0,
        0,
        0,
        0,
        0,
        0,
        0,
        1,
        1,
        0,
        0,
        0,
        0,
        0
    ],
    "recall_per_class": [
        0.9090909090909091,
        0.3333333333333333
    ],
    "recall_score": 0.6212121212121212,
    "true_values": [
        0,
        0,
        0,
        0,
        1,
        0,
        1,
        1,
        0,
        0,
        0,
        0,
        0,
        0
    ],
    "window_length": 128
}