{
    "accuracy": 0.75,
    "creation_data": "2022-08-14 13:54:02.830510",
    "epochs": 1000,
    "fscore": 0.42857142857142855,
    "fscore_per_class": [
        0.8571428571428571,
        0.0
    ],
    "loss_tol": 0.01,
    "max_depth": 2,
    "model_name": "RANDOM_FOREST_MODEL_9",
    "overlap": 94,
    "prec_per_class": [
        0.75,
        0.0
    ],
    "predictions": [
        0,
        0,
        0,
        0,
        0,
        0,
        0,
        0,
        0,
        0,
        0,
        0
    ],
    "random_state": 0,
    "recall_per_class": [
        1.0,
        0.0
    ],
    "recall_score": 0.5,
    "true_values": [
        0,
        0,
        0,
        0,
        1,
        0,
        1,
        1,
        0,
        0,
        0,
        0
    ],
    "window_length": 128
}