{
    "accuracy": 0.6666666666666666,
    "creation_data": "2022-08-14 13:53:46.731629",
    "epochs": 1000,
    "fscore": 0.39999999999999997,
    "fscore_per_class": [
        0.7999999999999999,
        0.0
    ],
    "loss_tol": 0.01,
    "max_depth": 2,
    "model_name": "SGD_MODEL_2",
    "overlap": 94,
    "prec_per_class": [
        0.7272727272727273,
        0.0
    ],
    "predictions": [
        0,
        0,
        1,
        0,
        0,
        0,
        0,
        0,
        0,
        0,
        0,
        0
    ],
    "random_state": 0,
    "recall_per_class": [
        0.8888888888888888,
        0.0
    ],
    "recall_score": 0.4444444444444444,
    "true_values": [
        0,
        0,
        0,
        0,
        1,
        0,
        1,
        1,
        0,
        0,
        0,
        0
    ],
    "window_length": 128
}