{
    "accuracy": 0.5454545454545454,
    "creation_data": "2022-08-14 13:53:53.558168",
    "epochs": 1000,
    "fscore": 0.5299145299145299,
    "fscore_per_class": [
        0.6153846153846154,
        0.4444444444444444
    ],
    "loss_tol": 0.01,
    "max_depth": 2,
    "model_name": "SGD_MODEL_5",
    "overlap": 94,
    "prec_per_class": [
        0.8,
        0.3333333333333333
    ],
    "predictions": [
        0,
        0,
        1,
        1,
        1,
        1,
        1,
        0,
        1,
        0,
        0
    ],
    "random_state": 0,
    "recall_per_class": [
        0.5,
        0.6666666666666666
    ],
    "recall_score": 0.5833333333333333,
    "true_values": [
        0,
        0,
        0,
        0,
        1,
        0,
        1,
        1,
        0,
        0,
        0
    ],
    "window_length": 128
}