{
    "accuracy": 0.6363636363636364,
    "creation_data": "2022-08-14 13:53:44.434096",
    "epochs": 1000,
    "fscore": 0.6333333333333333,
    "fscore_per_class": [
        0.6666666666666666,
        0.6
    ],
    "loss_tol": 0.01,
    "max_depth": 2,
    "model_name": "SGD_MODEL_1",
    "overlap": 94,
    "prec_per_class": [
        1.0,
        0.42857142857142855
    ],
    "predictions": [
        0,
        0,
        0,
        1,
        1,
        1,
        1,
        1,
        0,
        1,
        1
    ],
    "random_state": 0,
    "recall_per_class": [
        0.5,
        1.0
    ],
    "recall_score": 0.75,
    "true_values": [
        0,
        0,
        0,
        0,
        1,
        0,
        1,
        1,
        0,
        0,
        0
    ],
    "window_length": 128
}