{
    "accuracy": 0.7142857142857143,
    "creation_data": "2022-08-14 13:53:55.840740",
    "epochs": 1000,
    "fscore": 0.41666666666666663,
    "fscore_per_class": [
        0.8333333333333333,
        0.0
    ],
    "loss_tol": 0.01,
    "max_depth": 2,
    "model_name": "SGD_MODEL_6",
    "overlap": 94,
    "prec_per_class": [
        0.7692307692307693,
        0.0
    ],
    "predictions": [
        0,
        0,
        0,
        1,
        0,
        0,
        0,
        0,
        0,
        0,
        0,
        0,
        0,
        0
    ],
    "random_state": 0,
    "recall_per_class": [
        0.9090909090909091,
        0.0
    ],
    "recall_score": 0.45454545454545453,
    "true_values": [
        0,
        0,
        0,
        0,
        1,
        0,
        1,
        1,
        0,
        0,
        0,
        0,
        0,
        0
    ],
    "window_length": 128
}